<?xml version="1.0" encoding="utf-8"?>
<odoo>

    <!-- res_partners ne-->
    <record id="partner_res_users_user1" model="res.partner">
        <field name="name">Pietro Abernathy</field>
        <field name="email">pietro.abernathyn23@example.com</field>
    </record>
    <record id="partner_res_users_user2" model="res.partner">
        <field name="name">Philip Boe</field>
        <field name="email">philip.boe24@example.com</field>
    </record>
    <record id="partner_res_users_user3" model="res.partner">
        <field name="name">Valentin Odegaard</field>
        <field name="email">valentin.odegard25@example.com</field>
    </record>
    <record id="partner_res_users_user4" model="res.partner">
        <field name="name">Lana Nilssen</field>
        <field name="email">lana.nilsen26@example.com</field>
    </record>

    <!-- res_users -->
    <record id="team_res_users_user1" model="res.users"
            context="{'no_reset_password': True}">
        <field name="partner_id" ref="generic_team.partner_res_users_user1"/>
        <field name="name">Pietro Abernathy</field>
        <field name="login">team_user_pietro</field>
        <field name="password">team_user_pietro</field>
        <field name="image_1920" type="base64"
               file="generic_team/demo/img/team_demo_pa_image.jpg"/>
    </record>
    <record id="team_res_users_user2" model="res.users"
            context="{'no_reset_password': True}">
        <field name="partner_id" ref="generic_team.partner_res_users_user2"/>
        <field name="name">Philip Boe</field>
        <field name="login">team_user_philip</field>
        <field name="password">team_user_philip</field>
        <field name="image_1920" type="base64"
               file="generic_team/demo/img/team_demo_pb_image.jpg"/>
    </record>
    <record id="team_res_users_user3" model="res.users"
            context="{'no_reset_password': True}">
        <field name="partner_id" ref="generic_team.partner_res_users_user3"/>
        <field name="name">Valentin Odegaard</field>
        <field name="login">team_user_valentin</field>
        <field name="password">team_user_valentin</field>
        <field name="image_1920" type="base64"
               file="generic_team/demo/img/team_demo_vo_image.jpg"/>
    </record>
    <record id="team_res_users_user4" model="res.users"
            context="{'no_reset_password': True}">
        <field name="partner_id" ref="generic_team.partner_res_users_user4"/>
        <field name="name">Lana Nilssen</field>
        <field name="login">team_user_lana</field>
        <field name="password">team_user_lana</field>
        <field name="image_1920" type="base64"
               file="generic_team/demo/img/team_demo_ln_image.jpg"/>
    </record>

    <!-- generic_team -->
    <record id="generic_team_team1" model="generic.team">
        <field name="name">Odoo functional team</field>
        <field name="description">
        A Functional Team is a group
        of people with a common functional expertise working
        toward shared objectives.
        </field>
        <field name="leader_id" ref="team_res_users_user1"/>
        <field name="user_ids" eval="[(6, 0, [ref('team_res_users_user3'),
        ref('team_res_users_user4')])]"/>
    </record>

    <record id="generic_team_team2" model="generic.team">
        <field name="name">Odoo development team</field>
        <field name="description">
        A self-organizing, cross-functional team
        of people who collectively are responsible for all of the work
        necessary to produce working, validated assets.
        </field>
        <field name="leader_id" ref="team_res_users_user2"/>
        <field name="user_ids" eval="[(6, 0, [ref('team_res_users_user1'),
        ref('team_res_users_user3'), ref('team_res_users_user4')])]"/>
    </record>

    <record id="generic_team_team3" model="generic.team">
        <field name="name">DevOps team</field>
        <field name="description">
        DevOps as a Service is a delivery model
        for a set of tools that facilitates collaboration between
        an organization's software development team and the operations team.
        </field>
        <field name="leader_id" ref="team_res_users_user4"/>
        <field name="user_ids" eval="[(6, 0, [ref('team_res_users_user2')])]"/>
    </record>

</odoo>
