<?xml version="1.0" encoding="utf-8"?>
<odoo>
    <record id="request_type_sla_team" model="request.type">
        <field name="name">SLA Request (team)</field>
        <field name="code">sla-request-team</field>
        <field name="sla_compute_type">least_date_worst_status</field>
        <field name="color">rgba(210,210,210,0.88)</field>
        <field name="description">
            Simple request to demonstrate (and test) SLA log lines and
            computation of request SLA rules with team assignments.
        </field>
    </record>

    <!-- Stages -->
    <record id="request_stage_type_sla_team_new" model="request.stage">
        <field name="sequence" eval="1"/>
        <field name="name">New</field>
        <field name="code">new</field>
        <field name="type_id" ref="generic_request.request_stage_type_draft"/>
        <field name="request_type_id" ref="request_type_sla_team"/>
    </record>
    <record id="request_stage_type_sla_team_in_progress" model="request.stage">
        <field name="sequence" eval="2"/>
        <field name="name">In progress</field>
        <field name="code">in-progress</field>
        <field name="type_id" ref="generic_request.request_stage_type_progress"/>
        <field name="request_type_id" ref="request_type_sla_team"/>
    </record>
    <record id="request_stage_type_sla_team_completed" model="request.stage">
        <field name="sequence" eval="3"/>
        <field name="name">Completed</field>
        <field name="code">completed</field>
        <field name="closed" eval="True"/>
        <field name="type_id" ref="generic_request.request_stage_type_closed_ok"/>
        <field name="request_type_id" ref="request_type_sla_team"/>
    </record>
    <record id="request_stage_type_sla_team_cancelled" model="request.stage">
        <field name="sequence" eval="4"/>
        <field name="name">Cancelled</field>
        <field name="code">cancelled</field>
        <field name="closed" eval="True"/>
        <field name="type_id" ref="generic_request.request_stage_type_closed_fail"/>
        <field name="request_type_id" ref="request_type_sla_team"/>
    </record>

    <!-- Routes -->
    <record id="request_stage_route_type_sla_team_new_to_in_progress"
            model="request.stage.route">
        <field name="stage_from_id" ref="request_stage_type_sla_team_new"/>
        <field name="stage_to_id" ref="request_stage_type_sla_team_in_progress"/>
        <field name="request_type_id" ref="request_type_sla_team"/>
    </record>
    <record id="request_stage_route_type_sla_2_in_progress_completed"
            model="request.stage.route">
        <field name="stage_from_id" ref="request_stage_type_sla_team_in_progress"/>
        <field name="stage_to_id" ref="request_stage_type_sla_team_completed"/>
        <field name="request_type_id" ref="request_type_sla_team"/>
    </record>
    <record id="request_stage_route_type_sla_team_in_progress_cancelled"
            model="request.stage.route">
        <field name="stage_from_id" ref="request_stage_type_sla_team_in_progress"/>
        <field name="stage_to_id" ref="request_stage_type_sla_team_cancelled"/>
        <field name="request_type_id" ref="request_type_sla_team"/>
    </record>
    <record id="request_stage_route_type_sla_2_cancelled_new"
            model="request.stage.route">
        <field name="stage_from_id" ref="request_stage_type_sla_team_cancelled"/>
        <field name="stage_to_id" ref="request_stage_type_sla_team_new"/>
        <field name="request_type_id" ref="request_type_sla_team"/>
    </record>

    <!-- SLA Rules -->
    <record id="request_sla_rule_team_assignment_time_2h" model="request.sla.rule">
        <field name="name">Team assignment time 2 hours</field>
        <field name="code">team-assignment-time-2h</field>
        <field name="sla_rule_type_id" ref="generic_request_sla.request_sla_rule_type_assigned"/>
        <field name="request_type_id" ref="request_type_sla_team"/>
        <field name="request_stage_ids" eval="[(4, ref('request_stage_type_sla_team_new'))]"/>
        <field name="warn_time" eval="1"/>
        <field name="limit_time" eval="2"/>
        <field name="sequence" eval="10"/>
        <field name="assigned">no</field>
        <field name="assigned_team">no</field>
        <field name="compute_time">absolute</field>
    </record>
    <record id="request_sla_rule_assignment_time_3h" model="request.sla.rule">
        <field name="name">User assignment time 3 hours</field>
        <field name="code">user-assignment-time-3h</field>
        <field name="sla_rule_type_id" ref="generic_request_sla.request_sla_rule_type_assigned"/>
        <field name="request_type_id" ref="request_type_sla_team"/>
        <field name="request_stage_ids" eval="[(4, ref('request_stage_type_sla_team_new'))]"/>
        <field name="warn_time" eval="2"/>
        <field name="limit_time" eval="3"/>
        <field name="sequence" eval="5"/>
        <field name="assigned">no</field>
        <field name="assigned_team">yes</field>
        <field name="compute_time">absolute</field>
    </record>
    <record id="request_sla_rule_solution_time_6h" model="request.sla.rule">
        <field name="name">Solution time 6 hours</field>
        <field name="code">demo-solution-time-6h</field>
        <field name="sla_rule_type_id" ref="generic_request_sla.request_sla_rule_type_resolution_time"/>
        <field name="request_type_id" ref="request_type_sla_team"/>
        <field name="request_stage_ids" eval="[(4, ref('request_stage_type_sla_team_in_progress'))]"/>
        <field name="warn_time" eval="5"/>
        <field name="limit_time" eval="6"/>
        <field name="sequence" eval="5"/>
        <field name="assigned">yes</field>
        <field name="assigned_team">none</field>
        <field name="compute_time">absolute</field>
    </record>
</odoo>
