<?xml version="1.0" encoding="utf-8"?>
<odoo>
    <!-- module category -->
    <record model="ir.module.category" id="base.module_category_generic_team">
        <field name="name">Generic Team</field>
        <field name="visible" eval="1" />
    </record>

    <!-- implicit user group  -->
    <record id="group_generic_team_user_implicit" model="res.groups">
        <field name="name">User implicit</field>
        <field name="category_id" ref="base.module_category_generic_team"/>
        <field name="comment">
            Imlicit user for generic team
        </field>
    </record>

    <!-- user group -->
    <record id="group_generic_team_user" model="res.groups">
        <field name="name">User</field>
        <field name="implied_ids"
               eval="[(4, ref('generic_team.group_generic_team_user_implicit'))]"/>
        <field name="category_id" ref="base.module_category_generic_team"/>
        <field name="comment">
            User - readonly access, menu access
        </field>
    </record>

    <!-- manager group -->
    <record id="group_generic_team_manager" model="res.groups">
        <field name="name">Manager</field>
        <field name="implied_ids"
               eval="[(4, ref('generic_team.group_generic_team_user'))]"/>
        <field name="category_id" ref="base.module_category_generic_team"/>
        <field name="users" eval="[(4, ref('base.user_root')), (4, ref('base.user_admin'))]"/>
        <field name="comment">
            Manager - full access
        </field>
    </record>

</odoo>
