<?xml version="1.0" encoding="utf-8"?>
<odoo>
    <record id="generic_service_rent_notebook" model="generic.service">
        <field name="name">Rent of notebook</field>
        <field name="code">rent-of-notebook</field>
    </record>

    <record id="generic_service_support_consulting" model="generic.service">
        <field name="name">Support / Consulting</field>
        <field name="code">support-consulting</field>
    </record>

    <record id="generic_service_support_development" model="generic.service">
        <field name="name">Support / Development</field>
        <field name="code">support-development</field>
    </record>

    <record id="generic_service_support_configuration" model="generic.service">
        <field name="name">Support / Configuration</field>
        <field name="code">support-configuration</field>
    </record>

    <record id="generic_service_support_administration" model="generic.service">
        <field name="name">Support / Administration</field>
        <field name="code">support-administration</field>
    </record>

    <record id="generic_service_support_hosting" model="generic.service">
        <field name="name">Support / Hosting</field>
        <field name="code">support-hosting</field>
    </record>

    <record id="generic_service_on_site_maintenance" model="generic.service">
        <field name="name">On-site Maintenance</field>
        <field name="code">on-site-maintenance</field>
    </record>
</odoo>
