id,name,model_id:id,group_id:id,perm_read,perm_write,perm_create,perm_unlink
access_generic_service__service_user_implicit,access_generic_service user implicit,model_generic_service,generic_service.group_generic_service_user_implicit,1,0,0,0
access_generic_service__service_manager,access_generic_service service manager,model_generic_service,generic_service.group_generic_service_manager,1,1,1,1

access_generic_service_level_service_user_implicit,access_generic_service_level_service_user_implicit,model_generic_service_level,generic_service.group_generic_service_user_implicit,1,0,0,0
access_generic_service_level_service_manager,access_generic_service_level_service_manager,model_generic_service_level,generic_service.group_generic_service_manager,1,1,1,1

access_generic_service_group,access_generic_service_group,model_generic_service_group,generic_service.group_generic_service_manager,1,1,1,1
access_generic_service_group_implicit,access_generic_service_group_implicit,model_generic_service_group,generic_service.group_generic_service_user_implicit,1,0,0,0
