<?xml version="1.0" encoding="utf-8"?>
<odoo>
    <!-- Look at Odoo code (openepr|odoo)/modules/db.py:create_categories
         for info abuto a way module categories are generated.
         This xmlid is used to avoid duplication of module category -->
    <record model="ir.module.category" id="base.module_category_generic_service">
        <field name="name">Generic Service</field>
        <field name="visible" eval="1" />
    </record>

    <!-- User groups -->
    <record id="group_generic_service_user_implicit" model="res.groups">
        <field name="name">Generic service user (implicit)</field>
        <field name="category_id" ref="base.module_category_generic_service"/>
        <field name="comment">Access generic services (no access to menu)</field>
    </record>
    <record id="group_generic_service_user" model="res.groups">
        <field name="name">Generic service user</field>
        <field name="implied_ids"
               eval="[(4, ref('generic_service.group_generic_service_user_implicit'))]"/>
        <field name="category_id" ref="base.module_category_generic_service"/>
        <field name="comment">Access generic services</field>
    </record>
    <record id="group_generic_service_manager" model="res.groups">
        <field name="name">Generic service manager</field>
        <field name="implied_ids"
               eval="[(4, ref('generic_service.group_generic_service_user'))]"/>
        <field name="category_id" ref="base.module_category_generic_service"/>
        <field name="comment">Manage generic services</field>
        <field name="users" eval="[(4, ref('base.user_root')), (4, ref('base.user_admin'))]"/>
    </record>
    <record id="group_use_service_level" model="res.groups">
        <field name="name">Use service level</field>
        <field name="comment">Use service level</field>
    </record>
    <record id="base.group_user" model="res.groups">
        <field name="implied_ids"
               eval="[(4, ref('generic_service.group_use_service_level'))]"/>
    </record>

    <!-- Rules -->
    <record id="rule_generic_service_user_implicit"  model="ir.rule">
        <field name="name">User (implicit) generic services</field>
        <field name="model_id" ref="generic_service.model_generic_service"/>
        <field name="domain_force">[('message_partner_ids', 'child_of', user.commercial_partner_id.id)]</field>
        <field name="groups" eval="[(4, ref('generic_service.group_generic_service_user_implicit'))]"/>
        <field eval="0" name="perm_unlink"/>
        <field eval="0" name="perm_write"/>
        <field eval="1" name="perm_read"/>
        <field eval="0" name="perm_create"/>
    </record>
    <record id="rule_service_access_group" model="ir.rule">
        <field name="name">Service Access Rignts for Access Groups</field>
        <field name="model_id" ref="model_generic_service"/>
        <field name="domain_force">[('access_group_ids.users.id', '=', user.id)]</field>
        <field name="groups" eval="[(4, ref('generic_service.group_generic_service_user_implicit'))]"/>
        <field eval="0" name="perm_unlink"/>
        <field eval="0" name="perm_write"/>
        <field eval="1" name="perm_read"/>
        <field eval="0" name="perm_create"/>
    </record>

    <record id="rule_generic_service_manager" model="ir.rule">
        <field name="name">Manager generic services</field>
        <field name="model_id" ref="generic_service.model_generic_service"/>
        <field name="domain_force">[(1, '=', 1)]</field>
        <field name="groups" eval="[(4, ref('generic_service.group_generic_service_manager'))]"/>
        <field eval="1" name="perm_unlink"/>
        <field eval="1" name="perm_write"/>
        <field eval="1" name="perm_read"/>
        <field eval="1" name="perm_create"/>
    </record>

</odoo>
