id,name,model_id:id,group_id:id,perm_read,perm_write,perm_create,perm_unlink
access_generic_team_user_implicit,generic_team_user_implicit,model_generic_team,group_generic_team_user_implicit,1,0,0,0
access_generic_team_user,generic_team_user,model_generic_team,group_generic_team_user,1,0,0,0
access_generic_team_manager,generic_team_manager,model_generic_team,group_generic_team_manager,1,1,1,1
access_generic_team_member_user_implicit,generic_team_user_implicit,model_generic_team_member,group_generic_team_user_implicit,1,0,0,0
access_generic_team_member_user,generic_team_user,model_generic_team_member,group_generic_team_user,1,0,0,0
access_generic_team_member_manager,generic_team_manager,model_generic_team_member,group_generic_team_manager,1,1,1,1
