<?xml version="1.0" encoding="UTF-8" ?>
<odoo>
    <!-- priority 3 -->
    <record id="request_sla_rule_8h_in_draft_priority_3" model="request.sla.rule.line">
        <field name="sla_rule_id" ref="generic_request_sla.request_sla_rule_8h_in_draft"/>
        <field name="sequence" eval="2"/>
        <field name="compute_time">absolute</field>
        <field name="warn_time" eval="2"/>
        <field name="limit_time" eval="3"/>
        <field name="priority">3</field>
    </record>

    <!-- priority 4 -->
    <record id="request_sla_rule_8h_in_draft_priority_4" model="request.sla.rule.line">
        <field name="sla_rule_id" ref="generic_request_sla.request_sla_rule_8h_in_draft"/>
        <field name="sequence" eval="3"/>
        <field name="compute_time">absolute</field>
        <field name="warn_time" eval="1"/>
        <field name="limit_time" eval="1"/>
        <field name="priority">4</field>
    </record>
</odoo>
