<?xml version="1.0" encoding="utf-8"?>
<odoo noupdate="1">
        <record id="ir_cron_vacuum_events" model="ir.cron">
            <field name="name">Generic System Event: Vacuum Events</field>
            <field name="state">code</field>
            <field name="interval_number">1</field>
            <field name="interval_type">days</field>
            <field name="numbercall">-1</field>
            <field name="doall" eval="False"/>
            <field name="model_id" ref="generic_system_event.model_generic_system_event_source"/>
            <field name="code">model._scheduler_vacuum_events()</field>
            <field name="active" eval="True" />
        </record>
</odoo>
