<?xml version="1.0" encoding="utf-8"?>
<odoo>

    <record id="group_generic_assignment_policy_user_implicit" model="res.groups">
        <field name="name">Policy user implicit</field>
        <field name="category_id" ref="base.module_category_generic_assignment"/>
        <field name="comment">
            Read only access to assignment policies, no access to menu items
        </field>
    </record>

    <record id="group_generic_assignment_policy_user" model="res.groups">
        <field name="name">Policy User</field>
        <field name="category_id" ref="base.module_category_generic_assignment"/>
        <field name="implied_ids"
               eval="[(4, ref('generic_assignment.group_generic_assignment_policy_user_implicit'))]"/>
        <field name="comment">
            Read only access to assignment policies, but have access to policy menu items
        </field>
    </record>

    <record id="group_generic_assignment_policy_manager" model="res.groups">
        <field name="name">Policy Manager</field>
        <field name="category_id" ref="base.module_category_generic_assignment"/>
        <field name="implied_ids"
               eval="[(4, ref('generic_assignment.group_generic_assignment_policy_user'))]"/>
        <field name="users" eval="[(4, ref('base.user_root')), (4, ref('base.user_admin'))]"/>
        <field name="comment">
            Full access to assignment policies
        </field>
    </record>

    <!-- Access rights for wizards -->
    <record id="rule_wizard_generic_wizard_assign" model="ir.rule">
        <field name="name">access for generic_wizard_assign</field>
        <field name="model_id" ref="generic_assignment.model_generic_wizard_assign"/>
        <field name="domain_force">[
                ('create_uid', '=', user.id),
            ]</field>
        <field eval="1" name="perm_unlink"/>
        <field eval="1" name="perm_write"/>
        <field eval="1" name="perm_read"/>
        <field eval="1" name="perm_create"/>
    </record>
    <record id="rule_wizard_test_generic_assign_policy" model="ir.rule">
        <field name="name">access for wizard test generic assign policy</field>
        <field name="model_id" ref="generic_assignment.model_generic_assign_policy_test_assign_policy"/>
        <field name="domain_force">[
                ('create_uid', '=', user.id),
            ]</field>
        <field eval="1" name="perm_unlink"/>
        <field eval="1" name="perm_write"/>
        <field eval="1" name="perm_read"/>
        <field eval="1" name="perm_create"/>
    </record>
    
</odoo>
